Workbook

Sheet DashBoard
A3: Row Labels | B3: Count of GTN_14
A4: VALID | B4: 8 | K4: Row Labels | L4: Average of Data_Quality_Score
A5: Grand Total | B5: 8 | K5: Butter/Milk Fat Products | L5: 1
K6: Carbonated Drinks - Ready to Drink | L6: 0.875
K7: Clothing - Upper Body | L7: 1
K8: Footwear - Sports | L8: 1
K9: Honey | L9: 1
K10: Milk Substitutes | L10: 1
K11: Mobile Phones | L11: 1
K12: Pasta/Noodles - Not Ready to Eat (Shelf Stable) | L12: 0.875
K13: Television Receivers | L13: 1
K14: (blank)
K15: Grand Total | L15: 0.975

Sheet Master_Data
A1: GTN_14 | B1: Brand_Name | C1: Product_Description_Short | D1: Product_Description_Long | E1: GPC_Brick_Code | F1: GPC_Brick_Definition | G1: Net_Weight_Value | H1: Net_Weight_UOM | I1: Data_Quality_Score | J1: Status
A2: =TEXT(Raw_Data!D2, "00000000000000") -> 00000089010588 | B2: =TRIM(PROPER(Raw_Data!B2)) -> Nestle | C2: =TRIM(PROPER(Raw_Data!A2)) -> Maggi Noodles Masala | D2: =B2 & " " & C2 & " " & G2 & " " & H2 -> Nestle Maggi Noodles Masala 70 GRM | F2: Pasta/Noodles - Not Ready to Eat (Shelf Stable) | G2: 70 | H2: GRM | I2: =COUNTA(A2:H2)/8 -> 0.875 | J2: =IF(I2=1, "VALID", "INVALID") -> INVALID
A3: =TEXT(Raw_Data!D3, "00000000000000") -> 08806090123456 | B3: =TRIM(PROPER(Raw_Data!B3)) -> Samsung | C3: =TRIM(PROPER(Raw_Data!A3)) -> Galaxy S24 Ultra | D3: =B3 & " " & C3 & " " & G3 & " " & H3 -> Samsung Galaxy S24 Ultra 0.232 KGM | E3: 10006322 | F3: Mobile Phones | G3: 0.232 | H3: KGM | I3: =COUNTA(A3:H3)/8 -> 1 | J3: =IF(I3=1, "VALID", "INVALID") -> VALID
A4: =TEXT(Raw_Data!D4, "00000000000000") -> 05449000000996 | B4: =TRIM(PROPER(Raw_Data!B4)) -> Coke | C4: =TRIM(PROPER(Raw_Data!A4)) -> Coca Cola Can | D4: =B4 & " " & C4 & " " & G4 & " " & H4 -> Coke Coca Cola Can 300 | E4: 10000201 | F4: Carbonated Drinks - Ready to Drink | G4: 300 | I4: =COUNTA(A4:H4)/8 -> 0.875 | J4: =IF(I4=1, "VALID", "INVALID") -> INVALID
A5: =TEXT(Raw_Data!D5, "00000000000000") -> 01234567891234 | B5: =TRIM(PROPER(Raw_Data!B5)) -> Zara | C5: =TRIM(PROPER(Raw_Data!A5)) -> T-Shirt Cotton Large | D5: =B5 & " " & C5 & " " & G5 & " " & H5 -> Zara T-Shirt Cotton Large 200 GRM | E5: 10001355 | F5: Clothing - Upper Body | G5: 200 | H5: GRM | I5: =COUNTA(A5:H5)/8 -> 1 | J5: =IF(I5=1, "VALID", "INVALID") -> VALID
A6: =TEXT(Raw_Data!D6, "00000000000000") -> 00194253000000 | B6: =TRIM(PROPER(Raw_Data!B6)) -> Apple | C6: =TRIM(PROPER(Raw_Data!A6)) -> Iphone 15 Pro | D6: =B6 & " " & C6 & " " & G6 & " " & H6 -> Apple Iphone 15 Pro 187 GRM | E6: 10006322 | F6: Mobile Phones | G6: 187 | H6: GRM | I6: =COUNTA(A6:H6)/8 -> 1 | J6: =IF(I6=1, "VALID", "INVALID") -> VALID
A7: =TEXT(Raw_Data!D7, "00000000000000") -> 00890126201001 | B7: =TRIM(PROPER(Raw_Data!B7)) -> Amul | C7: =TRIM(PROPER(Raw_Data!A7)) -> Amul Butter 500G | D7: =B7 & " " & C7 & " " & G7 & " " & H7 -> Amul Amul Butter 500G 500 GRM | E7: 10000043 | F7: Butter/Milk Fat Products | G7: 500 | H7: GRM | I7: =COUNTA(A7:H7)/8 -> 1 | J7: =IF(I7=1, "VALID", "INVALID") -> VALID
A8: =TEXT(Raw_Data!D8, "00000000000000") -> 00886060000000 | B8: =TRIM(PROPER(Raw_Data!B8)) -> Nike | C8: =TRIM(PROPER(Raw_Data!A8)) -> Nike Air Max 90 | D8: =B8 & " " & C8 & " " & G8 & " " & H8 -> Nike Nike Air Max 90 1 PR | E8: 10000164 | F8: Footwear - Sports | G8: 1 | H8: PR | I8: =COUNTA(A8:H8)/8 -> 1 | J8: =IF(I8=1, "VALID", "INVALID") -> VALID
A9: =TEXT(Raw_Data!D9, "00000000000000") -> 08901207000000 | B9: =TRIM(PROPER(Raw_Data!B9)) -> Dabur | C9: =TRIM(PROPER(Raw_Data!A9)) -> 100% Organic Honey | D9: =B9 & " " & C9 & " " & G9 & " " & H9 -> Dabur 100% Organic Honey 1 KGM | E9: 10000199 | F9: Honey | G9: 1 | H9: KGM | I9: =COUNTA(A9:H9)/8 -> 1 | J9: =IF(I9=1, "VALID", "INVALID") -> VALID
A10: =TEXT(Raw_Data!D10, "00000000000000") -> 00000049055249 | B10: =TRIM(PROPER(Raw_Data!B10)) -> Sony | C10: =TRIM(PROPER(Raw_Data!A10)) -> Sony 55 Inch Tv | D10: =B10 & " " & C10 & " " & G10 & " " & H10 -> Sony Sony 55 Inch Tv 15 KGM | E10: 10006278 | F10: Television Receivers | G10: 15 | H10: KGM | I10: =COUNTA(A10:H10)/8 -> 1 | J10: =IF(I10=1, "VALID", "INVALID") -> VALID
A11: =TEXT(Raw_Data!D11, "00000000000000") -> 00000000123456 | B11: =TRIM(PROPER(Raw_Data!B11)) -> Silk | C11: =TRIM(PROPER(Raw_Data!A11)) -> Almond Milk | D11: =B11 & " " & C11 & " " & G11 & " " & H11 -> Silk Almond Milk 1 LT | E11: 10000247 | F11: Milk Substitutes | G11: 1 | H11: LT | I11: =COUNTA(A11:H11)/8 -> 1 | J11: =IF(I11=1, "VALID", "INVALID") -> VALID
B12: =TRIM(PROPER(Raw_Data!C12)) | C12: =TRIM(PROPER(Raw_Data!A17)) | D12: =C12

Sheet Raw_Data
A1: Product Name | B1: Brand | C1: Weight | D1: GTIN (Barcode) | E1: Category
A2: maggi noodles masala | B2: Nestle | C2: 70 gms | D2: 89010588 | E2: Food
A3: GALAXY S24 ULTRA | B3: Samsung | C3: 0.232 kg | D3: 8806090123456 | E3: Electronics
A4: Coca Cola Can | B4: Coke | C4: 300ml | D4: 5449000000996 | E4: Drinks
A5: T-Shirt Cotton Large | B5: Zara | C5: 200 g | D5: 1234567891234 | E5: Apparel
A6: iphone 15 pro | B6: Apple | C6: 187 | D6: 194253000000 | E6: Mobile
A7: AMUL BUTTER 500G | B7: Amul | C7: 500g | D7: 890126201001 | E7: Dairy
A8: Nike Air Max 90 | B8: Nike | C8: 1 pair | D8: 886060000000 | E8: Shoes
A9: 100% Organic Honey | B9: Dabur | C9: 1kg | D9: 8901207000000 | E9: Food
A10: Sony 55 Inch TV | B10: Sony | C10: 15 kgs | D10: 49055249 | E10: Electronics
A11: Almond Milk | B11: Silk | C11: 1 Litre | D11: 123456 | E11: Dairy
